Workbook

Sheet working
A1: Failure Rate - Simple | B1: MM | C1: 1/4A | D1: 1/2A | E1: A | F1: B | G1: C | H1: D | I1: E | J1: F | K1: G | L1: H
A2: lawn dart | B2: 0.032 | C2: 0.037 | D2: 0.021 | E2: 0.004 | F2: 0.003 | G2: 0.012 | H2: 0.02 | I2: 0.048 | J2: 0.007 | K2: 0.017 | L2: 0
A3: core sample | B3: 0 | C3: 0 | D3: 0 | E3: 0.003 | F3: 0.002 | G3: 0.002 | H3: 0.007 | I3: 0.013 | J3: 0.004 | K3: 0 | L3: 0.035
A4: separation | B4: 0 | C4: 0.037 | D4: 0.027 | E4: 0.026 | F4: 0.036 | G4: 0.025 | H4: 0.026 | I4: 0.013 | J4: 0.011 | K4: 0.017 | L4: 0
A5: no chute | B5: 0.032 | C5: 0 | D5: 0.005 | E5: 0.017 | F5: 0.011 | G5: 0.011 | H5: 0.019 | I5: 0.009 | J5: 0.007 | K5: 0.017 | L5: 0.018
A6: shred | B6: 0 | C6: 0 | D6: 0.011 | E6: 0.003 | F6: 0.001 | G6: 0.002 | H6: 0.002 | I6: 0 | J6: 0 | K6: 0 | L6: 0
A7: unstable | B7: 0.13 | C7: 0 | D7: 0.005 | E7: 0.018 | F7: 0.015 | G7: 0.015 | H7: 0.011 | I7: 0.026 | J7: 0.007 | K7: 0 | L7: 0
A8: motor CATO | B8: 0 | C8: 0 | D8: 0 | E8: 0.007 | F8: 0 | G8: 0.004 | H8: 0.008 | I8: 0.004 | J8: 0.007 | K8: 0.021 | L8: 0.018
A10: Failure Rate - Complex | B10: MM | C10: 1/4A | D10: 1/2A | E10: A | F10: B | G10: C | H10: D | I10: E | J10: F | K10: G | L10: H
A11: lawn dart | B11: 0 | D11: 0 | E11: 0 | F11: 0.143 | G11: 0.13 | H11: 0.087 | I11: 0.093 | J11: 0.125 | K11: 0 | L11: 0
A12: core sample | B12: 0 | D12: 0 | E12: 0 | F12: 0 | G12: 0.019 | H12: 0.007 | I12: 0 | J12: 0 | K12: 0.1 | L12: 0
A13: separation | B13: 0 | D13: 0 | E13: 0 | F13: 0.071 | G13: 0.009 | H13: 0 | I13: 0.005 | J13: 0.042 | K13: 0 | L13: 0
A14: no chute | B14: 0 | D14: 0 | E14: 0 | F14: 0 | G14: 0.009 | H14: 0.022 | I14: 0.016 | J14: 0.021 | K14: 0.1 | L14: 0
A15: shred | B15: 0 | D15: 0 | E15: 0 | F15: 0 | G15: 0 | H15: 0 | I15: 0 | J15: 0 | K15: 0 | L15: 0
A16: unstable | B16: 0 | D16: 0 | E16: 0 | F16: 0.071 | G16: 0.019 | H16: 0.022 | I16: 0.027 | J16: 0.063 | K16: 0.05 | L16: 0
A17: motor CATO | B17: 0 | D17: 0 | E17: 0 | F17: 0.071 | G17: 0.009 | H17: 0 | I17: 0.005 | J17: 0 | K17: 0 | L17: 0
A19: Simple - One motor
A20: Complex - More than one motor
A22: Failure Rate - Simple | B22: MM | C22: 1/4A | D22: 1/2A | E22: A | F22: B | G22: C | H22: D | I22: E | J22: F | K22: G | L22: H
A23: lawn dart | B23: =B2 -> 0.032 | C23: =C2 -> 0.037 | D23: =D2 -> 0.021 | E23: =E2 -> 0.004 | F23: =F2 -> 0.003 | G23: =G2 -> 0.012 | H23: =H2 -> 0.02 | I23: =I2 -> 0.048 | ... L23: =L2 -> 0
A24: core sample | B24: =B3 -> 0 | C24: =C3 -> 0 | D24: =D3 -> 0 | E24: =E3 -> 0.003 | F24: =F3 -> 0.002 | G24: =G3 -> 0.002 | H24: =H3 -> 0.007 | I24: =I3 -> 0.013 | ... L24: =L3 -> 0.035
A25: separation | B25: =B4 -> 0 | C25: =C4 -> 0.037 | D25: =D4 -> 0.027 | E25: =E4 -> 0.026 | F25: =F4 -> 0.036 | G25: =G4 -> 0.025 | H25: =H4 -> 0.026 | I25: =I4 -> 0.013 | ... L25: =L4 -> 0
A26: no chute | B26: =B5 -> 0.032 | C26: =C5 -> 0 | D26: =D5 -> 0.005 | E26: =E5 -> 0.017 | F26: =F5 -> 0.011 | G26: =G5 -> 0.011 | H26: =H5 -> 0.019 | I26: =I5 -> 0.009 | ... L26: =L5 -> 0.018
A27: shred | B27: =B6 -> 0 | C27: =C6 -> 0 | D27: =D6 -> 0.011 | E27: =E6 -> 0.003 | F27: =F6 -> 0.001 | G27: =G6 -> 0.002 | H27: =H6 -> 0.002 | I27: =I6 -> 0 | ... L27: =L6 -> 0
A28: unstable | B28: =B7 -> 0.13 | C28: =C7 -> 0 | D28: =D7 -> 0.005 | E28: =E7 -> 0.018 | F28: =F7 -> 0.015 | G28: =G7 -> 0.015 | H28: =H7 -> 0.011 | I28: =I7 -> 0.026 | ... L28: =L7 -> 0
A29: motor CATO | B29: =B8 -> 0 | C29: =C8 -> 0 | D29: =D8 -> 0 | E29: =E8 -> 0.007 | F29: =F8 -> 0 | G29: =G8 -> 0.004 | H29: =H8 -> 0.008 | I29: =I8 -> 0.004 | ... L29: =L8 -> 0.018

Sheet probability
A1: Notes | B1: Simple | C1: MM | D1: 1/4A | E1: 1/2A | F1: A | G1: B | H1: C | I1: D | J1: E | K1: F | L1: G | M1: H
A2: ballistic | B2: lawn dart | C2: =working!B23 -> 0.032 | D2: =working!C23 -> 0.037 | E2: =working!D23 -> 0.021 | F2: =working!E23 -> 0.004 | G2: =working!F23 -> 0.003 | H2: =working!G23 -> 0.012 | I2: =working!H23 -> 0.02 | J2: =working!I23 -> 0.048 | ... M2: =working!L23 -> 0
A3: ballistic (with nose deployed) | B3: core sample | C3: =working!B24 -> 0 | D3: =working!C24 -> 0 | E3: =working!D24 -> 0 | F3: =working!E24 -> 0.003 | G3: =working!F24 -> 0.002 | H3: =working!G24 -> 0.002 | I3: =working!H24 -> 0.007 | J3: =working!I24 -> 0.013 | ... M3: =working!L24 -> 0.035
A4: disconnected parts in freefall | B4: separation | C4: =working!B25 -> 0 | D4: =working!C25 -> 0.037 | E4: =working!D25 -> 0.027 | F4: =working!E25 -> 0.026 | G4: =working!F25 -> 0.036 | H4: =working!G25 -> 0.025 | I4: =working!H25 -> 0.026 | J4: =working!I25 -> 0.013 | ... M4: =working!L25 -> 0
A5: rocket comes apart in flight | B5: shred | C5: =working!B27 -> 0 | D5: =working!C27 -> 0 | E5: =working!D27 -> 0.011 | F5: =working!E27 -> 0.003 | G5: =working!F27 -> 0.001 | H5: =working!G27 -> 0.002 | I5: =working!H27 -> 0.002 | J5: =working!I27 -> 0 | ... M5: =working!L27 -> 0
A6: vary burn time and total impulse with thrust_reshape | B6: motor CATO | C6: =working!B29 -> 0 | D6: =working!C29 -> 0 | E6: =working!D29 -> 0 | F6: =working!E29 -> 0.007 | G6: =working!F29 -> 0 | H6: =working!G29 -> 0.004 | I6: =working!H29 -> 0.008 | J6: =working!I29 -> 0.004 | ... M6: =working!L29 -> 0.018
A7: no recovery device deployed | B7: no chute | C7: =working!B26 -> 0.032 | D7: =working!C26 -> 0 | E7: =working!D26 -> 0.005 | F7: =working!E26 -> 0.017 | G7: =working!F26 -> 0.011 | H7: =working!G26 -> 0.011 | I7: =working!H26 -> 0.019 | J7: =working!I26 -> 0.009 | ... M7: =working!L26 -> 0.018
A8: handled by PyRocket | B8: unstable | C8: N/A
